{
  "config": {
    "num_requests": 50,
    "concurrency": 5,
    "max_tokens": 100,
    "ramp_up_time": 0
  },
  "summary": {
    "total_requests": 50,
    "successful_requests": 50,
    "failed_requests": 0,
    "total_duration": 30.173339128494263,
    "throughput": 1.657092037015631,
    "tokens_per_second": 132.53422112051015
  },
  "latency": {
    "min": 2.981157064437866,
    "max": 3.0263848304748535,
    "mean": 3.015587930679321,
    "p50": 3.0163474082946777,
    "p90": 3.0204997777938845,
    "p95": 3.0258028626441957,
    "p99": 3.026268706321716
  },
  "errors": []
}